id,artist,title,alt_text,description,date_created,date_acquired_or_updated,institution,medium,image_url
W01,1,Invisible Ink,,,2010,1/27/2021,0,Two chromogenic prints | Photograph,https://www.moma.org/media/W1siZiIsIjQ5NzQ1NCJdLFsicCIsImNvbnZlcnQiLCItcmVzaXplIDEwMjR4MTAyNFx1MDAzZSJdXQ.jpg?sha=9fcca43357354a09
W02,2,Oops!,,,2000,4/14/2009,0,"Three-channel video (color, sound) | Installation | Media and Performance",https://www.moma.org/media/W1siZiIsIjE1ODc1NyJdLFsicCIsImNvbnZlcnQiLCItcmVzaXplIDEwMjR4MTAyNFx1MDAzZSJdXQ.jpg?sha=46d77ab0612eae55
W03,2,Lucky Tiger #151,,,2009,5/12/2010,0,Chromogenic print with ink fingerprints | Photograph,https://www.moma.org/media/W1siZiIsIjIxNjQ4MiJdLFsicCIsImNvbnZlcnQiLCItcmVzaXplIDEwMjR4MTAyNFx1MDAzZSJdXQ.jpg?sha=b6058410b2fc92bf
W04,2,Lucky Tiger #169,,,2009,5/12/2010,0,Chromogenic print with ink fingerprints | Photograph ,https://www.moma.org/media/W1siZiIsIjIxNjQ4MyJdLFsicCIsImNvbnZlcnQiLCItcmVzaXplIDEwMjR4MTAyNFx1MDAzZSJdXQ.jpg?sha=c9f97834ee65398f
W05,2,Lucky Tiger #181,,,2009,5/12/2010,0,Chromogenic print with ink fingerprints | Photograph ,https://www.moma.org/media/W1siZiIsIjIxNjQ4NCJdLFsicCIsImNvbnZlcnQiLCItcmVzaXplIDEwMjR4MTAyNFx1MDAzZSJdXQ.jpg?sha=2507f8b910a21010
W06,2,Lucky Tiger #186,,,2009,5/12/2010,0,Chromogenic print with ink fingerprints | Photograph ,https://www.moma.org/media/W1siZiIsIjIxNjQ4NiJdLFsicCIsImNvbnZlcnQiLCItcmVzaXplIDEwMjR4MTAyNFx1MDAzZSJdXQ.jpg?sha=71054940d6372a26
W07,2,Good Morning Sunshine,"Young person sleeping on side in bed, clutching a small stuffed toy under a blanket.",,2009,8/30/2017,1,"Video, color, sound, 14:50 min.",https://whitneymedia.org/assets/artwork/39067/2011_108_1.jpg
W08,3,Primary Love,A person in blue holds a yellow portrait showing two children amid blue and red paintings.,,2020,2/1/2022,1,Oil on canvas | Paintings,https://whitneymedia.org/assets/artwork/65017/2021_156_cropped.jpg
W09,4,banana split & other mix ups,,,1993,4/28/1993,2,Performance readings | multiple image performance,http://artasiamerica.org/images/Brochure_for_Banana_split_and_other_mix_ups_Whi1163/Banana_Split_and_Other_Mix_Ups_brochure_pg_1.jpg
W10,5,Desert Plant (TAM.1460),,,1965,1/10/1974,0,Lithograph | Print | Drawings & Prints,https://www.moma.org/media/W1siZiIsIjIxNjE0MiJdLFsicCIsImNvbnZlcnQiLCItcmVzaXplIDEwMjR4MTAyNFx1MDAzZSJdXQ.jpg?sha=f665f32301ee5caa
W11,5,Desert Flower (TAM.1460-II),,,1965,1/10/1974,0,Lithograph | Print | Drawings & Prints,https://www.moma.org/media/W1siZiIsIjIxNjE0MyJdLFsicCIsImNvbnZlcnQiLCItcmVzaXplIDEwMjR4MTAyNFx1MDAzZSJdXQ.jpg?sha=637ac7ed3cbf5ea1
W12,5,Desert Flower (TAM.1469),,,1965,1/10/1974,0,Lithograph | Print | Drawings & Prints,https://www.moma.org/media/W1siZiIsIjIxNjE0NCJdLFsicCIsImNvbnZlcnQiLCItcmVzaXplIDEwMjR4MTAyNFx1MDAzZSJdXQ.jpg?sha=b7e26255796d09ff
W13,5,Desert Flower (TAM.1469-II),,,1965,1/10/1974,0,Lithograph | Print | Drawings & Prints,https://www.moma.org/media/W1siZiIsIjM5NDMzMSJdLFsicCIsImNvbnZlcnQiLCItcmVzaXplIDEwMjR4MTAyNFx1MDAzZSJdXQ.jpg?sha=b8a3be39790c015f
W14,5,Desert Flower (TAM.1469-III),,,1965,1/10/1974,0,Lithograph | Print | Drawings & Prints,https://www.moma.org/media/W1siZiIsIjIxNjE0NSJdLFsicCIsImNvbnZlcnQiLCItcmVzaXplIDEwMjR4MTAyNFx1MDAzZSJdXQ.jpg?sha=fba8c25f0f49a425
W15,5,Plane Tree (TAM.1470),,,1965,1/10/1974,0,Lithograph | Print | Drawings & Prints,https://www.moma.org/media/W1siZiIsIjIxNjE0NiJdLFsicCIsImNvbnZlcnQiLCItcmVzaXplIDEwMjR4MTAyNFx1MDAzZSJdXQ.jpg?sha=ebcd894150839df2
W16,5,Plane Tree Reversal (TAM.1470A),,,1965,1/10/1974,0,Lithograph | Print | Drawings & Prints,https://www.moma.org/media/W1siZiIsIjM5NDI1MiJdLFsicCIsImNvbnZlcnQiLCItcmVzaXplIDEwMjR4MTAyNFx1MDAzZSJdXQ.jpg?sha=6b6578f450e68d20
W17,5,Plane Trees (TAM.1471),,,1965,1/10/1974,0,Lithograph | Print | Drawings & Prints,https://www.moma.org/media/W1siZiIsIjIxNjE0NyJdLFsicCIsImNvbnZlcnQiLCItcmVzaXplIDEwMjR4MTAyNFx1MDAzZSJdXQ.jpg?sha=515a8a3ba6e3b53f
W18,5,Plane Trees II (TAM.1472),,,1965,1/10/1974,0,Lithograph | Print | Drawings & Prints,https://www.moma.org/media/W1siZiIsIjU0NTE0MyJdLFsicCIsImNvbnZlcnQiLCItcmVzaXplIDEwMjR4MTAyNFx1MDAzZSJdXQ.jpg?sha=ca959ecf3905163d
W19,5,Aiko (TAM.1473),,,1965,1/10/1974,0,Lithograph | Print | Drawings & Prints,https://www.moma.org/media/W1siZiIsIjM5NDMzMiJdLFsicCIsImNvbnZlcnQiLCItcmVzaXplIDEwMjR4MTAyNFx1MDAzZSJdXQ.jpg?sha=fe74479ce586a0b0
W20,5,Spring (TAM.1474),,,1965,1/10/1974,0,Lithograph | Print | Drawings & Prints,https://www.moma.org/media/W1siZiIsIjM5NDI1MyJdLFsicCIsImNvbnZlcnQiLCItcmVzaXplIDEwMjR4MTAyNFx1MDAzZSJdXQ.jpg?sha=8b40aefe9b9b46e2
W21,5,Succulents (TAM.1475),,,1965,1/10/1974,0,Lithograph | Print | Drawings & Prints,https://www.moma.org/media/W1siZiIsIjIxNDA3OSJdLFsicCIsImNvbnZlcnQiLCItcmVzaXplIDEwMjR4MTAyNFx1MDAzZSJdXQ.jpg?sha=64330f86f43db4fe
W22,5,Umakichi (TAM.1476),,,1965,1/10/1974,0,Lithograph | Print | Drawings & Prints,https://www.moma.org/media/W1siZiIsIjIxNjE0OCJdLFsicCIsImNvbnZlcnQiLCItcmVzaXplIDEwMjR4MTAyNFx1MDAzZSJdXQ.jpg?sha=884daa0b1b570ba5
W23,5,Umakichi (TAM.1476-II),,,1965,1/10/1974,0,Lithograph | Print | Drawings & Prints,https://www.moma.org/media/W1siZiIsIjIxNDA4MCJdLFsicCIsImNvbnZlcnQiLCItcmVzaXplIDEwMjR4MTAyNFx1MDAzZSJdXQ.jpg?sha=3d73d9373f9ca089
W24,5,Umakichi (TAM.1476-III),,,1965,1/10/1974,0,Lithograph | Print | Drawings & Prints,https://www.moma.org/media/W1siZiIsIjIxNjE0OSJdLFsicCIsImNvbnZlcnQiLCItcmVzaXplIDEwMjR4MTAyNFx1MDAzZSJdXQ.jpg?sha=39dd62ccfd2933f6
W25,5,Umakichi (TAM.1476-IV),,,1965,1/10/1974,0,Lithograph | Print | Drawings & Prints,https://www.moma.org/media/W1siZiIsIjM5NDMzMyJdLFsicCIsImNvbnZlcnQiLCItcmVzaXplIDEwMjR4MTAyNFx1MDAzZSJdXQ.jpg?sha=963c0e3db875073b
W26,5,Chrysanthemums (TAM.1477),,,1965,1/10/1974,0,Lithograph | Print | Drawings & Prints,https://www.moma.org/media/W1siZiIsIjM5NDMzNCJdLFsicCIsImNvbnZlcnQiLCItcmVzaXplIDEwMjR4MTAyNFx1MDAzZSJdXQ.jpg?sha=66ab0392b53657d3
W27,5,Chrysanthemums (TAM.1477-II),,,1965,1/10/1974,0,Lithograph | Print | Drawings & Prints,https://www.moma.org/media/W1siZiIsIjM5NDMzNSJdLFsicCIsImNvbnZlcnQiLCItcmVzaXplIDEwMjR4MTAyNFx1MDAzZSJdXQ.jpg?sha=6c73116829b01a44
W28,5,Chrysanthemums (TAM.1477-III),,,1965,1/10/1974,0,Lithograph | Print | Drawings & Prints,https://www.moma.org/media/W1siZiIsIjIxNjE1MCJdLFsicCIsImNvbnZlcnQiLCItcmVzaXplIDEwMjR4MTAyNFx1MDAzZSJdXQ.jpg?sha=39f354bc551808d6
W29,5,Poppy (TAM.1479),,,1965,1/10/1974,0,Lithograph | Print | Drawings & Prints,https://www.moma.org/media/W1siZiIsIjMzMjYxMyJdLFsicCIsImNvbnZlcnQiLCItcmVzaXplIDEwMjR4MTAyNFx1MDAzZSJdXQ.jpg?sha=7ca3056ec8ae8455
W30,5,Pigeons on Cobblestones (TAM.1478),,,1965,1/10/1974,0,Lithograph | Print | Drawings & Prints,https://www.moma.org/media/W1siZiIsIjM5NDI1NCJdLFsicCIsImNvbnZlcnQiLCItcmVzaXplIDEwMjR4MTAyNFx1MDAzZSJdXQ.jpg?sha=8796311a08231b13
W31,5,"Untitled (TAM.1482, Calla Lilies)",,,1965,1/10/1974,0,Lithograph | Print | Drawings & Prints,https://www.moma.org/media/W1siZiIsIjE2MTY4MCJdLFsicCIsImNvbnZlcnQiLCItcmVzaXplIDEwMjR4MTAyNFx1MDAzZSJdXQ.jpg?sha=831421668cd88862
W32,5,Babies (TAM.1484),,,1965,1/10/1974,0,Lithograph | Print | Drawings & Prints,https://www.moma.org/media/W1siZiIsIjIxNjE1MSJdLFsicCIsImNvbnZlcnQiLCItcmVzaXplIDEwMjR4MTAyNFx1MDAzZSJdXQ.jpg?sha=fc6565b269d90c93
W33,5,Haru (TAM.1485),,,1965,1/10/1974,0,Lithograph | Print | Drawings & Prints,https://www.moma.org/media/W1siZiIsIjIxNjE1MiJdLFsicCIsImNvbnZlcnQiLCItcmVzaXplIDEwMjR4MTAyNFx1MDAzZSJdXQ.jpg?sha=4e506451c21e59f5
W34,5,Owl (TAM.1486),,,1965,1/10/1974,0,Lithograph | Print | Drawings & Prints,https://www.moma.org/media/W1siZiIsIjU0OTc4NyJdLFsicCIsImNvbnZlcnQiLCItcmVzaXplIDEwMjR4MTAyNFx1MDAzZSJdXQ.jpg?sha=77948ce6eca5cad1
W35,5,"Untitled (TAM.1487, Black Wash)",,,1965,1/10/1974,0,Lithograph | Print | Drawings & Prints,https://www.moma.org/media/W1siZiIsIjIxNjE1MyJdLFsicCIsImNvbnZlcnQiLCItcmVzaXplIDEwMjR4MTAyNFx1MDAzZSJdXQ.jpg?sha=8af7e5b37f352082
W36,5,"Untitled (TAM.1487-II, Blue and Purple Wash)",,,1965,1/10/1974,0,Lithograph | Print | Drawings & Prints,https://www.moma.org/media/W1siZiIsIjIxNjE1NCJdLFsicCIsImNvbnZlcnQiLCItcmVzaXplIDEwMjR4MTAyNFx1MDAzZSJdXQ.jpg?sha=4880754d1585a744
W37,5,"Untitled (TAM.1488, Pink)",,,1965,1/10/1974,0,Lithograph | Print | Drawings & Prints,https://www.moma.org/media/W1siZiIsIjM5NDI1NiJdLFsicCIsImNvbnZlcnQiLCItcmVzaXplIDEwMjR4MTAyNFx1MDAzZSJdXQ.jpg?sha=fe72a3d0d2889013
W38,5,Nude (TAM.1489),,,1965,1/10/1974,0,Lithograph | Print | Drawings & Prints,https://www.moma.org/media/W1siZiIsIjM5NDI1NyJdLFsicCIsImNvbnZlcnQiLCItcmVzaXplIDEwMjR4MTAyNFx1MDAzZSJdXQ.jpg?sha=8d8c83c82d210eb9
W39,5,Nude (TAM.1489-II),,,1965,1/10/1974,0,Lithograph | Print | Drawings & Prints,https://www.moma.org/media/W1siZiIsIjQyODQ0NCJdLFsicCIsImNvbnZlcnQiLCItcmVzaXplIDEwMjR4MTAyNFx1MDAzZSJdXQ.jpg?sha=69a23814982a63bf
W40,5,Faces (TAM.1490),,,1965,1/10/1974,0,Lithograph | Print | Drawings & Prints,https://www.moma.org/media/W1siZiIsIjIxNjE1NSJdLFsicCIsImNvbnZlcnQiLCItcmVzaXplIDEwMjR4MTAyNFx1MDAzZSJdXQ.jpg?sha=7089cb0b4b533c16
W41,5,Owl II (TAM.1491),,,1965,1/10/1974,0,Lithograph | Print | Drawings & Prints,https://www.moma.org/media/W1siZiIsIjM5NDMzNiJdLFsicCIsImNvbnZlcnQiLCItcmVzaXplIDEwMjR4MTAyNFx1MDAzZSJdXQ.jpg?sha=bc84b6ee013fa5e4
W42,5,"Untitled (TAM.1494, Three Hydrangeas)",,,1965,1/10/1974,0,Lithograph | Print | Drawings & Prints,https://www.moma.org/media/W1siZiIsIjE2MTY4MyJdLFsicCIsImNvbnZlcnQiLCItcmVzaXplIDEwMjR4MTAyNFx1MDAzZSJdXQ.jpg?sha=f24a4e210e741abe
W43,5,Nasturtiums (TAM.1557),,,1965,1/10/1974,0,Lithograph | Print | Drawings & Prints,https://www.moma.org/media/W1siZiIsIjU0NTE0NCJdLFsicCIsImNvbnZlcnQiLCItcmVzaXplIDEwMjR4MTAyNFx1MDAzZSJdXQ.jpg?sha=aa082dfa9d60e589
W44,5,Chair (TAM.1558),,,1965,1/10/1974,0,Lithograph | Print | Drawings & Prints,https://www.moma.org/media/W1siZiIsIjM5NDI1OCJdLFsicCIsImNvbnZlcnQiLCItcmVzaXplIDEwMjR4MTAyNFx1MDAzZSJdXQ.jpg?sha=52094cba93ecdca9
W45,5,Chair (TAM.1558-II),,,1965,1/10/1974,0,Lithograph | Print | Drawings & Prints,https://www.moma.org/media/W1siZiIsIjM5NDI1OSJdLFsicCIsImNvbnZlcnQiLCItcmVzaXplIDEwMjR4MTAyNFx1MDAzZSJdXQ.jpg?sha=e21da7ebc20869b2
W46,5,Hudson (TAM.1565),,,1965,1/10/1974,0,Lithograph | Print | Drawings & Prints,https://www.moma.org/media/W1siZiIsIjE2MTY4NCJdLFsicCIsImNvbnZlcnQiLCItcmVzaXplIDEwMjR4MTAyNFx1MDAzZSJdXQ.jpg?sha=3e3c8866fe9a594c
W47,5,Bud (TAM.1566),,,1965,1/10/1974,0,Lithograph | Print | Drawings & Prints,https://www.moma.org/media/W1siZiIsIjE2MTY4NSJdLFsicCIsImNvbnZlcnQiLCItcmVzaXplIDEwMjR4MTAyNFx1MDAzZSJdXQ.jpg?sha=43c1691d9dc7b098
W48,5,Fritz and Larry (TAM.1567),,,1965,1/10/1974,0,Lithograph | Print | Drawings & Prints,https://www.moma.org/media/W1siZiIsIjE2MTY4NiJdLFsicCIsImNvbnZlcnQiLCItcmVzaXplIDEwMjR4MTAyNFx1MDAzZSJdXQ.jpg?sha=e8cdf2559f3935a0
W49,5,Henry and Adam (TAM.1568),,,1965,1/10/1974,0,Lithograph | Print | Drawings & Prints,https://www.moma.org/media/W1siZiIsIjE2MTY4NyJdLFsicCIsImNvbnZlcnQiLCItcmVzaXplIDEwMjR4MTAyNFx1MDAzZSJdXQ.jpg?sha=f6e4078551c24512
W50,5,"Paul (TAM.1569, Paul Lanier with Homemade Puppets)",,,1965,1/10/1974,0,Lithograph | Print | Drawings & Prints,https://www.moma.org/media/W1siZiIsIjE2MTY4OSJdLFsicCIsImNvbnZlcnQiLCItcmVzaXplIDEwMjR4MTAyNFx1MDAzZSJdXQ.jpg?sha=8ee6ac9c2a54b672
W51,5,Xavier (TAM.1570),,,1965,1/10/1974,0,Lithograph | Print | Drawings & Prints,https://www.moma.org/media/W1siZiIsIjE2MTY5MCJdLFsicCIsImNvbnZlcnQiLCItcmVzaXplIDEwMjR4MTAyNFx1MDAzZSJdXQ.jpg?sha=5d5b4353fa246407
W52,5,"Title page (TAM.1571, from the portfolio Flowers)",,,1965,1/10/1974,0,One from a portfolio of twelve lithographs (including title page and colophon) | Print | Drawings & Prints,https://www.moma.org/media/W1siZiIsIjM5NDI2MCJdLFsicCIsImNvbnZlcnQiLCItcmVzaXplIDEwMjR4MTAyNFx1MDAzZSJdXQ.jpg?sha=f97fd1ead85e9b19
W53,5,Flowers,,,1965,1/10/1974,0,Portfolio of 12 lithographs (including title page and colophon) | Portfolio | Drawings & Prints,https://www.moma.org/media/W1siZiIsIjM5NDI2MCJdLFsicCIsImNvbnZlcnQiLCItcmVzaXplIDEwMjR4MTAyNFx1MDAzZSJdXQ.jpg?sha=f97fd1ead85e9b19
W54,5,"Untitled (TAM.1561, Hydrangea Blue from the portfolio Flowers)",,,1965,1/10/1974,0,One from a portfolio of twelve lithographs (including title page and colophon) | Print | Drawings & Prints,https://www.moma.org/media/W1siZiIsIjM5NDI2MSJdLFsicCIsImNvbnZlcnQiLCItcmVzaXplIDEwMjR4MTAyNFx1MDAzZSJdXQ.jpg?sha=7d7e7f454ca60788
W55,5,"Untitled (TAM.1562, Iris Blue from the portfolio Flowers)",,,1965,1/10/1974,0,One from a portfolio of twelve lithographs (including title page and colophon) | Print | Drawings & Prints,https://www.moma.org/media/W1siZiIsIjM5NDI2MiJdLFsicCIsImNvbnZlcnQiLCItcmVzaXplIDEwMjR4MTAyNFx1MDAzZSJdXQ.jpg?sha=81752ee8ce6c38f2
W56,5,Colophon (TAM.1572 from the portfolio Flowers),,,1965,1/10/1974,0,One from a portfolio of twelve lithographs (including title page and colophon) | Print | Drawings & Prints,https://www.moma.org/media/W1siZiIsIjM5NDI2MyJdLFsicCIsImNvbnZlcnQiLCItcmVzaXplIDEwMjR4MTAyNFx1MDAzZSJdXQ.jpg?sha=e58ef4fb3add4343
W57,5,"Untitled (TAM.1480, Succulent from the portfolio Flowers)",,,1965,1/10/1974,0,One from a portfolio of twelve lithographs (including title page and colophon) | Print | Drawings & Prints,https://www.moma.org/media/W1siZiIsIjM5NDI2NCJdLFsicCIsImNvbnZlcnQiLCItcmVzaXplIDEwMjR4MTAyNFx1MDAzZSJdXQ.jpg?sha=40b59776553fdb1b
W58,5,"Untitled (TAM.1481, Succulent from the portfolio Flowers)",,,1965,1/10/1974,0,One from a portfolio of twelve lithographs (including title page and colophon) | Print | Drawings & Prints,https://www.moma.org/media/W1siZiIsIjM5NDI2NSJdLFsicCIsImNvbnZlcnQiLCItcmVzaXplIDEwMjR4MTAyNFx1MDAzZSJdXQ.jpg?sha=9f2ac9ec86367a91
W59,5,"Untitled (TAM.1483, Marigolds from the portfolio Flowers)",,,1965,1/10/1974,0,One from a portfolio of twelve lithographs (including title page and colophon) | Print | Drawings & Prints,https://www.moma.org/media/W1siZiIsIjM5NDI2NiJdLFsicCIsImNvbnZlcnQiLCItcmVzaXplIDEwMjR4MTAyNFx1MDAzZSJdXQ.jpg?sha=0a91f05cf5c7b3fe
W60,5,"Untitled (TAM.1492, Iris from the portfolio Flowers)",,,1965,1/10/1974,0,One from a portfolio of twelve lithographs (including title page and colophon) | Print | Drawings & Prints,https://www.moma.org/media/W1siZiIsIjM5NDI2NyJdLFsicCIsImNvbnZlcnQiLCItcmVzaXplIDEwMjR4MTAyNFx1MDAzZSJdXQ.jpg?sha=c6275961e935afab
W61,5,"Untitled (TAM.1493, Hydrangea from the portfolio Flowers)",,,1965,1/10/1974,0,One from a portfolio of twelve lithographs (including title page and colophon) | Print | Drawings & Prints,https://www.moma.org/media/W1siZiIsIjM5NDI2OCJdLFsicCIsImNvbnZlcnQiLCItcmVzaXplIDEwMjR4MTAyNFx1MDAzZSJdXQ.jpg?sha=4ee86a017e9bb56b
W62,5,"Untitled (TAM.1535, Hydrangea from the portfolio Flowers)",,,1965,1/10/1974,0,One from a portfolio of twelve lithographs (including title page and colophon) | Print | Drawings & Prints,https://www.moma.org/media/W1siZiIsIjM5NDI2OSJdLFsicCIsImNvbnZlcnQiLCItcmVzaXplIDEwMjR4MTAyNFx1MDAzZSJdXQ.jpg?sha=a6a3fdfb98f35d29
W63,5,"Untitled (TAM.1559, Poppy Maroon from the portfolio Flowers)",,,1965,1/10/1974,0,One from a portfolio of twelve lithographs (including title page and colophon) | Print | Drawings & Prints,https://www.moma.org/media/W1siZiIsIjM5NDI3MCJdLFsicCIsImNvbnZlcnQiLCItcmVzaXplIDEwMjR4MTAyNFx1MDAzZSJdXQ.jpg?sha=5b8812fc0d12bd7e
W64,5,"Untitled (TAM.1560, Desert Plant from the portfolio Flowers)",,,1965,1/10/1974,0,One from a portfolio of twelve lithographs (including title page and colophon) | Print | Drawings & Prints,https://www.moma.org/media/W1siZiIsIjM5NDI3MSJdLFsicCIsImNvbnZlcnQiLCItcmVzaXplIDEwMjR4MTAyNFx1MDAzZSJdXQ.jpg?sha=8be666e4ef2c77fb
W65,5,"Untitled (BMC.145, BMC Laundry Stamp)",,,c. 1948–49,5/23/2018,0,Stamped ink on fabric sheeting | Drawing | Drawings & Prints,https://www.moma.org/media/W1siZiIsIjU0OTc4OSJdLFsicCIsImNvbnZlcnQiLCItcmVzaXplIDEwMjR4MTAyNFx1MDAzZSJdXQ.jpg?sha=aadd69b8f738c0e1
W66,5,"Untitled (S.043, Hanging Tied-Wire, Cubed Open-Center, Multi-Branched Form Based on Nature)",,,c. 1994,,0,Patinated bronze wire | Sculpture | Painting & Sculpture,https://www.moma.org/media/W1siZiIsIjUzNjgxNSJdLFsicCIsImNvbnZlcnQiLCItcmVzaXplIDEwMjR4MTAyNFx1MDAzZSJdXQ.jpg?sha=61860bf4596c21a4
W67,5,"Untitled (PT.106, Plane Tree #12)","Dark ink blots form a clouded, torso-like shape with splattered arms reaching outward. Inky brush strokes fill the center third of a sheet of paper and branch sideways to the edges, ending in watery splash marks","We're looking at Ruth Asawa's Plane Tree #12, 1959. It's a brush-and-ink drawing on paper. The sheet is almost 12.5 by 19 inches long. Clara Rojas-Sebesta, Ellsworth Kelly Conservator of Works on Paper. This drawing is an abstraction of the plane trees with a center trunk dominating the center of the composition with two branches on the upper left and to the right. Asawa made a number of drawings based on plane treesâor sycamore treesâthat grew in San Francisco's Golden Gate Park. Asawa has created the feeling of the knot drawings with a large, very wet inked brush. She's using a sumi ink on a thin paper, and you can see a lot of rippling and distortions in the paper that hint to what the materials were that she was using. As the ink's dried, the water evaporated, leaving little particles of ink across the surface, which also suggest the textured surface of the sycamore tree. You can also get a sense of the movement of Asawa's hand as she created these circular forms throughout the trunk. As she moved towards the edges of the sheet, she used stronger gestures and splashed the ink so that they moved off the edges to the center left and to the right, giving that sense of the branching and maybe leaves of this sycamore tree. It's a fairly thin sheet of paper, so she probably would have clipped it to a larger board as she was working outside and down on a flat surface to get those kinds of slash marks. So the ink flows beyond the edges of the sheet of paper on all edges. For this drawing, she chose a very high-sheen coated paper that would have responded very quickly to the watery ink, and you see that throughout with distortions and ripples. It's a very warm, beige white color, which gives sort of a natural contrast or warmth to this portrait of a tree. Where the ink pooled in certain areas, it's darker, and where she put greater pressure on the brush, it pushed the black particles of ink to the side and that would give you a lighter and darker gray appearance, also suggesting the texture of the sycamore tree. In the lower right corner we also see Asawa's signature stamp, which would have been found on many of her artworks.",1959,8/30/2017,1,Brush and ink on paper | Drawings,https://whitneymedia.org/assets/artwork/47697/2016_5_cropped.jpg
W68,5,"Untitled (S.270, Hanging Six-Lobed, Complex Interlocking Continuous Form within a Form with Two Interior Spheres)","Mesh wires shaped into a long, fluid blob, like lava in a lava lamp. Long hanging woven metal sculpture with stacked bulb shapes casting a soft shadow on the wall.","Ruth Asawa, Untitled (S.270, Hanging Six-Lobed, Complex Interlocking Continuous Form within a Form with Two Interior Spheres), 1955, refabricated 1957â1958. Brass and steel wire, overall: 63 7/8 Ã 14 15/16 Ã 14 15/16 in. (162.2 Ã 37.9 Ã 37.9 cm). Whitney Museum of American Art, New York; gift of Howard Lipman 63.38. Â© 2020 Estate of Ruth Asawa / Artists Rights Society (ARS), New York. Courtesy The Estate of Ruth Asawa and David Zwirner",1955,8/30/2017,1,Brass and steel wire | Sculpture,https://whitneymedia.org/assets/artwork/2260/63_38_vw4_cropped.jpg
W69,5,"Untitled (SF.045c, Potato Print – Branches, Purple/Blue)","Three rows of a repeating stamped branch within an oval, overlapping horizontally in purples and blues. Repeated purple and blue oval shapes with white branching circles form a vertical patterned print.","This is Untitled (SF.045c Potato Print - Branches, Purple and Blue), circa 1951 to '52. It's a stamped ink-on-Japanese-paper print, about 14 inches tall and 10 inches wide, oriented vertically.To create this work, Asawa took an ordinary potato about the size of the palm of her hand, sliced it in half to give her a flat surface. Into the surface of this flat potato, she incised a tree-like form with a center trunk topped by a loop. And then on either side of the branch are four branches with loops at the end as well, alternating left and right. The potato would have been dipped in purple or blue ink and Asawa pressed it to the paper in a repeated pattern across the page, allowing the ink to deplete over the course of the row, resulting in layers of transparent blue and purple ink. Asawa oriented the potato stamp vertically and pressed it onto the paper eight times per row in the same vertical orientation, overlapping the stamps occasionally. Each of the three rows moves off the edge of the sheet to the left and the right, giving the sense that infinite repetition was possible in this print. She chose to print this work on Japanese paper. It's a very thin paper that also responded to the liquid of the ink and there's a rippling along the surface as well. Asawa did not re-ink the potato as she moved across the row, so the ink would become lighter and lighter as she moved across. And in some cases, only the outline of the tree form was left. This really gives you a play of positive and negative space and transparency, which reflects her practice in other works of art.",c. 1951 - 1952,10/2/2018,1,Relief Print | Drawings,https://whitneymedia.org/assets/artwork/57950/2018_112_cropped.jpg
W70,5,"Untitled (S.691, Wall-Mounted Paperfold with Horizontal Stripes)",Long oval black-and-white chevron paper fan with accordion folds hanging against a gray background.,,1951,1/8/2025,1,Ink on paper | Sculpture,https://whitneymedia.org/assets/artwork/67107/2024_383_vw1_cropped.jpg
W71,6,Karma Juggler,Small human-like figure made of pink circles holding up a large cloud of concentric pink rings.,,2004,8/30/2017,1,Inkjet print | Prints,https://whitneymedia.org/assets/artwork/42024/2012_150_6_cropped.jpg
W72,6,Dream House,A small person walks while a large green floating house hovers above.,,2002,8/30/2017,1,"Fiber-tipped pen, and brush and colored ink on plastic and paper | Drawings",https://whitneymedia.org/assets/artwork/19211/2003_82_cropped.jpg
W73,6,Some/One,A large metallic robe sculpture with long flared train displayed in a museum lobby.,,2001,8/30/2017,1,"Stainless steel, military dog tags, nickel-plated copper, steel, glass fiber-reinforced resin and rubber | Sculpture",https://whitneymedia.org/assets/artwork/16102/2001_344_vw1_cropped.jpg
W74,6,Vessel,,,2006,11/21/2025,3,Blown and molded glass | Glass | Modern and Contemporary Art,
W75,0,Table,,,c. 1941,10/29/1958,0,Laminated and carved avodire | Design | Architecture & Design,https://www.moma.org/media/W1siZiIsIjUxNzg4OSJdLFsicCIsImNvbnZlcnQiLCItcmVzaXplIDEwMjR4MTAyNFx1MDAzZSJdXQ.jpg?sha=e7cec09dbe775b93
W76,0,Rocking Stool,,,1954,4/22/1998,0,Chromed steel and walnut | Design | Architecture & Design,https://www.moma.org/media/W1siZiIsIjIxMDY4OCJdLFsicCIsImNvbnZlcnQiLCItcmVzaXplIDEwMjR4MTAyNFx1MDAzZSJdXQ.jpg?sha=f2553f5523dd2318
W77,0,Akari Floor Lamp,,,c. 1968,2/27/1978,0,Paper shade and metal frame | Design | Architecture & Design,https://www.moma.org/media/W1siZiIsIjIyODgwOSJdLFsicCIsImNvbnZlcnQiLCItcmVzaXplIDEwMjR4MTAyNFx1MDAzZSJdXQ.jpg?sha=cf7fba4d2ac5f3b6
W78,0,Akari Lamp,,,c. 1960,2/27/1978,0,Paper shade and metal stand | Design | Architecture & Design,
W79,0,Akari Floor Lamp,,,c. 1975,2/27/1978,0,Paper and metal | Design | Architecture & Design,https://www.moma.org/media/W1siZiIsIjYyMDQxNiJdLFsicCIsImNvbnZlcnQiLCItcmVzaXplIDEwMjR4MTAyNFx1MDAzZSJdXQ.jpg?sha=b26e19dc83a8b407
W80,0,Akari Floor Lamp,,,c. 1977,2/27/1978,0,Silk shade and bamboo stand | Design | Architecture & Design,https://www.moma.org/media/W1siZiIsIjIxMDc0MSJdLFsicCIsImNvbnZlcnQiLCItcmVzaXplIDEwMjR4MTAyNFx1MDAzZSJdXQ.jpg?sha=2f4a6c2367a064d8
W81,0,Table Lamp,,,1948,6/8/1950,0,Plastic and maple | Design | Architecture & Design,https://www.moma.org/media/W1siZiIsIjIyODg4NSJdLFsicCIsImNvbnZlcnQiLCItcmVzaXplIDEwMjR4MTAyNFx1MDAzZSJdXQ.jpg?sha=f9999aaedde03377
W82,0,Radio Nurse Speaker,,,1937,11/28/1977,0,Bakelite resin | Design | Architecture & Design,https://www.moma.org/media/W1siZiIsIjIyOTk2MyJdLFsicCIsImNvbnZlcnQiLCItcmVzaXplIDEwMjR4MTAyNFx1MDAzZSJdXQ.jpg?sha=e2d2b69f53c9701e
W83,0,"Exhibition of Isamu Noguchi, Museum of Modern Art Kamakura",,,1952,4/7/1953,0,Lithograph | Design | Architecture & Design,
W84,0,Work Sheet for Sculpture,,,1946,5/21/1974,0,Pencil on cut-out-and-pasted graph paper on black construction paper | Drawing | Drawings & Prints,https://www.moma.org/media/W1siZiIsIjMwMTk2NyJdLFsicCIsImNvbnZlcnQiLCItcmVzaXplIDEwMjR4MTAyNFx1MDAzZSJdXQ.jpg?sha=a6ce21c035ae51e5
W85,0,Metamorphosis,,,1946,10/24/1975,0,Pencil on cut-out-and-pasted graph paper on black construction paper | Drawing | Drawings & Prints,https://www.moma.org/media/W1siZiIsIjIyNTMyMiJdLFsicCIsImNvbnZlcnQiLCItcmVzaXplIDEwMjR4MTAyNFx1MDAzZSJdXQ.jpg?sha=f5fe1556da631c19
W86,0,Untitled,,,1946,10/24/1975,0,Pencil on cut-out-and-pasted graph paper on black construction paper | Drawing | Drawings & Prints,https://www.moma.org/media/W1siZiIsIjMwMDQ4NyJdLFsicCIsImNvbnZlcnQiLCItcmVzaXplIDEwMjR4MTAyNFx1MDAzZSJdXQ.jpg?sha=5af9bf3a9c05f7b1
W87,0,Even the Centipede,,,1952,4/6/1955,0,"Unglazed Kasama red stoneware, wood pole, and hemp cord | Sculpture | Painting & Sculpture",https://www.moma.org/media/W1siZiIsIjQzMzYwOCJdLFsicCIsImNvbnZlcnQiLCItcmVzaXplIDEwMjR4MTAyNFx1MDAzZSJdXQ.jpg?sha=da4353153d26d983
W88,0,Big Boy,,,1952,4/6/1955,0,Unglazed Karatsu red stoneware and wood | Sculpture | Painting & Sculpture,https://www.moma.org/media/W1siZiIsIjMwMjM3MCJdLFsicCIsImNvbnZlcnQiLCItcmVzaXplIDEwMjR4MTAyNFx1MDAzZSJdXQ.jpg?sha=05e0f8dec2588c5a
W89,0,Portrait of My Uncle,,,1931,10/11/1950,0,Terra cotta | Sculpture | Painting & Sculpture,https://www.moma.org/media/W1siZiIsIjMwMjM3NCJdLFsicCIsImNvbnZlcnQiLCItcmVzaXplIDEwMjR4MTAyNFx1MDAzZSJdXQ.jpg?sha=dfda3e5bcade17fc
W90,0,Bird C,,,1952-58,11/30/1960,0,Greek marble on wood and painted steel base | Sculpture | Painting & Sculpture,https://www.moma.org/media/W1siZiIsIjMwMjM3OSJdLFsicCIsImNvbnZlcnQiLCItcmVzaXplIDEwMjR4MTAyNFx1MDAzZSJdXQ.jpg?sha=5eaa3f7c0e3366c8
W91,0,Woman,,,1957,11/30/1960,0,Iron with wood and painted steel base | Sculpture | Painting & Sculpture,https://www.moma.org/media/W1siZiIsIjMwMjM4MSJdLFsicCIsImNvbnZlcnQiLCItcmVzaXplIDEwMjR4MTAyNFx1MDAzZSJdXQ.jpg?sha=df0f4813d2844962
W92,0,Capital,,,1939,12/10/1941,0,Marble | Sculpture | Painting & Sculpture,https://www.moma.org/media/W1siZiIsIjMyMTkwNiJdLFsicCIsImNvbnZlcnQiLCItcmVzaXplIDEwMjR4MTAyNFx1MDAzZSJdXQ.jpg?sha=1d4bb003574b6c5e
W93,0,Stone of Spiritual Understanding,,,1962,10/6/1964,0,"Bronze, wood, and steel | Sculpture | Painting & Sculpture",https://www.moma.org/media/W1siZiIsIjMwMjM5MCJdLFsicCIsImNvbnZlcnQiLCItcmVzaXplIDEwMjR4MTAyNFx1MDAzZSJdXQ.jpg?sha=219f95c85100012c
W94,0,Storm,,,1959,10/11/1983,0,Aluminum | Sculpture | Painting & Sculpture,https://www.moma.org/media/W1siZiIsIjMwMjM5MiJdLFsicCIsImNvbnZlcnQiLCItcmVzaXplIDEwMjR4MTAyNFx1MDAzZSJdXQ.jpg?sha=4457cfd52e8df92b
W95,0,Apartment,,,1952,12/8/1994,0,Unglazed Seto red stoneware | Sculpture | Painting & Sculpture,https://www.moma.org/media/W1siZiIsIjMwMjM5MyJdLFsicCIsImNvbnZlcnQiLCItcmVzaXplIDEwMjR4MTAyNFx1MDAzZSJdXQ.jpg?sha=dafe7ffe12a0eec2
W96,0,Okame,,,1956,12/8/1994,0,Iron | Sculpture | Painting & Sculpture,https://www.moma.org/media/W1siZiIsIjIwOTIxMyJdLFsicCIsImNvbnZlcnQiLCItcmVzaXplIDEwMjR4MTAyNFx1MDAzZSJdXQ.jpg?sha=1dfd803ca8f2f6d1
W97,0,Small Centipede,,,c. 1952,12/6/1993,0,Unglazed Karatsu red stoneware and wood | Sculpture | Painting & Sculpture,https://www.moma.org/media/W1siZiIsIjIwOTI1OCJdLFsicCIsImNvbnZlcnQiLCItcmVzaXplIDEwMjR4MTAyNFx1MDAzZSJdXQ.jpg?sha=e6ca98da2aa3098a
W98,0,Atomic Head,,,1957,12/9/1996,0,Iron on painted wood base | Sculpture | Painting & Sculpture,https://www.moma.org/media/W1siZiIsIjIwOTMyMSJdLFsicCIsImNvbnZlcnQiLCItcmVzaXplIDEwMjR4MTAyNFx1MDAzZSJdXQ.jpg?sha=57fa3568e7a11dc6
W99,0,My Pacific,,,1942,12/9/1996,0,Driftwood | Sculpture | Painting & Sculpture,https://www.moma.org/media/W1siZiIsIjUyNzc2MyJdLFsicCIsImNvbnZlcnQiLCItcmVzaXplIDEwMjR4MTAyNFx1MDAzZSJdXQ.jpg?sha=a1049852201c0f70
W100,0,Mitosis,,,1962,12/11/1979,0,Bronze | Sculpture | Painting & Sculpture,https://www.moma.org/media/W1siZiIsIjIwOTU4NSJdLFsicCIsImNvbnZlcnQiLCItcmVzaXplIDEwMjR4MTAyNFx1MDAzZSJdXQ.jpg?sha=58110d86ecf950d7
W101,0,Coffee Table,,,1944,9/17/2002,0,"Birch, glass, aluminum dowel | Design | Architecture & Design",https://www.moma.org/media/W1siZiIsIjU4NTg5MyJdLFsicCIsImNvbnZlcnQiLCItcmVzaXplIDEwMjR4MTAyNFx1MDAzZSJdXQ.jpg?sha=6067013d21a1b410
W102,0,Variation on a Millstone #1,A flat circular grey stone with two smaller holes in it rests atop an upright wooden board.. A circular stone disk with two holes mounted on a tall wooden pedestal and metal base.,,1962,8/30/2017,1,Granite and wood | Sculpture | collection,https://whitneymedia.org/assets/artwork/4162/86_1_vw1_cropped.jpg
W103,0,Solitude,"Two long, irregular rectangles vertically sandwiched between two cubes.. Tall bronze abstract sculpture with square top and long vertical slats on gallery floor.",,1961,8/30/2017,1,Bronze | Sculpture | collection,https://whitneymedia.org/assets/artwork/18227/2002_484a-c_vw1_cropped.jpg
W104,0,Integral,,,1959,8/30/2017,1,Marble on wood and steel base | Sculpture | collection,
W105,0,Pretty Girl,Solid cylindrically-shaped marble sculpture topped with two nub-like protrusions and a small semispherical inset. Smooth white abstract sculpture resembling a short vessel with two knobs on a pedestal.,,1958,8/30/2017,1,Marble | Sculpture | collection,https://whitneymedia.org/assets/artwork/7549/97_113_7_vw1_cropped.jpg
W106,0,Endless Coupling,"Five distinct smooth brown metal shapes fitted together ontop of each other to create a stacked horizontal form.. Tall bronze sculpture with abstract, stacked shapes resembling a totem pole on a square base.",,1957,8/30/2017,1,Cast Iron | Sculpture | collection,https://whitneymedia.org/assets/artwork/1188/78_72a-f_vw1_cropped.jpg
W107,0,Woman (Rishi Kesh.),"A brown pole topped with a rectuangular, metallic piece full of folds and curves. A wavy, dark sculpture sits atop a tall wooden stand on a square base.",,1956,8/30/2017,1,Cast iron | Sculpture | collection,https://whitneymedia.org/assets/artwork/1517/83_51_vw1_cropped.jpg
W108,0,Celebration,,,c. 1952,8/30/2017,1,Cast iron | Sculpture | collection,
W109,0,Jocasta's Bed,"A grey-green punctured organic shape sits askew atop two arches on the floor. Large bronze abstract bench with rounded, organic legs and cutout top displayed in a gallery.",,1947,8/30/2017,1,Fiberglass | Sculpture | collection,https://whitneymedia.org/assets/artwork/12927/2000_221_vw1_cropped.jpg
W110,0,The Ring,Doughnut-shaped sculpture with bulbous protrusions in unpolished granite. Rough stone circular sculpture with rounded protrusions forming an open ring.,,1945–1948,8/30/2017,1,Granite | Sculpture | collection,https://whitneymedia.org/assets/artwork/2907/69_106_vw1_cropped.jpg
W111,0,The Gunas,"A warm monotone sculpture with an organic tripod formation, smooth and sinewy lines, and varied negative spaces.. Abstract metal sculpture with three vertical, elongated shapes connected by a horizontal piece, standing on a gray floor.",,1946,8/30/2017,1,Marble | Sculpture | collection,https://whitneymedia.org/assets/artwork/437/75_18a-c_vw1_cropped.jpg
W112,0,Humpty Dumpty,"Tall freestanding sculpture made of organically-shaped, interlocking slabs of grey stone. Abstract gray sculpture with an oval shape and protruding curved elements, standing on a flat surface.","In the mid-1940s, Isamu Noguchi began producing some of his most original works, comprised of interlocking, rounded forms in materials such as wood and gray slate. Humpty Dumpty , an emblematic work from this period, was carefully constructed so that its nine parts would fit together and stay in place without glue or screws. As Noguchi explained, “everything I do has an element of engineering in it—particularly since I dislike gluing parts together or taking advantage of something that is not inherent in the material. I am leery of welding or pasting. It implies taking an unfair advantage of nature.” The title Humpty Dumpty playfully acknowledges the work’s precarious construction, while the roundness of the forms evokes the famously plump character of the children’s rhyme. At the same time, this seemingly whimsical work may carry more ominous undertones. Produced shortly after the atomic devastation of Hiroshima and Nagasaki, the sculpture’s title and composition suggest the unstable state of the world after World War II.",1946,8/30/2017,1,Ribbon slate | Sculpture | collection,https://whitneymedia.org/assets/artwork/1520/47_7a-e_vw1_cropped.jpg
W113,0,Work Sheets for Sculpture,"Pencil sketches and black collaged forms, neither entirely geometric nor fully organic, on graph paper. A sheet of graph paper with scattered black abstract cutout shapes arranged inside a black mat frame.","Isamu Noguchi used drawings, models, and collages to develop the biomorphic shapes for his interlocking sculptures of the mid- to late-1940s. First, he drew the individual pieces and cut them out of black craft paper. He then assembled the pieces into small freestanding maquettes . This allowed him to see the composition from all angles, to change the models’ shapes easily with scissors, and to determine their physical stability. Next, Noguchi disassembled his maquettes and mounted the paper forms on graph paper so that he could calculate the precise measurements for their enlargement into sculpture. Few of these graph paper worksheets were saved; Worksheets for Sculpture , which survives because most of its cut-out paper forms were not developed into sculptures, thus offers a rare glimpse into the artist’s working process. Following his graph paper studies, Noguchi made enlarged versions of his paper cut-outs and translated them into thin, flat pieces of slate or marble. After tracing the contours of the enlarged shapes onto the stone surface, he used a circular saw to cut out the forms along the penciled lines and beveled the edges. The pieces of his interlocking sculptures were notched so that they could be assembled without screws or other supports.",1945,8/30/2017,1,Graphite pencil on cut graph paper mounted on paper | Drawings | collection,https://whitneymedia.org/assets/artwork/2741/74_46_cropped.jpg
W114,0,The Queen,"Figurative wood-like sculpture with handles among stacked convex and concave geometric components. Tall beige ceramic sculpture with a round head, flared base, and curved looped arms.",,1931/c.1943,8/30/2017,1,Earthenware | Sculpture | collection,https://whitneymedia.org/assets/artwork/2609/69_107a-c_vw1_cropped.jpg
W115,0,Ruth Parks,"A head with eyes closed and an abstract mass emerging from behind. Bronze sculpture of a woman's head on a wooden base, displayed on a white pedestal.",,1929,8/30/2017,1,Bronze | Sculpture | collection,https://whitneymedia.org/assets/artwork/1813/31_58_vw1_cropped.jpg
W116,0,Paris Abstraction,Black and white abstract shapes form interlocking profiles against a tan background.,,1927–1928,8/30/2017,1,Opaque watercolor and graphite pencil on paper | Drawings | collection,https://whitneymedia.org/assets/artwork/8757/94_33_cropped.jpg
W117,0,Paris Abstraction,A large white leaf-shaped form with a small black oval near the bottom on a tan background.,,1927–1928,8/30/2017,1,"Opaque watercolor, pen and ink, and graphite pencil on paper | Drawings | collection",https://whitneymedia.org/assets/artwork/8207/94_32_cropped.jpg
W118,0,Paris Abstraction,Black rectangular shape with curved protrusions extends vertically across the center of yellow-brown paper.. Tall vertical black abstract column with rounded bulbous segments centered on a beige background.,,1927–1928,8/30/2017,1,Opaque watercolor and graphite pencil on paper | Drawings | collection,https://whitneymedia.org/assets/artwork/8206/94_31_cropped.jpg
W119,0,Grey Sun,,"Believing that sculpture should be ""an equivalent for natural forms and forces,"" Isamu Noguchi explored the sun's vital power in this massive marble. He derived its shape from a millstone, which, ""inverted and elevated, becomes a sun-like image."" Born in California to an American mother and Japanese father, Noguchi spent most of his childhood in Japan before continuing his education in the American Midwest, New York City, and Paris. This piece reflects his internationalist life and perspective, a blend of the biomorphic abstraction of European surrealism and traditional Japanese stonework.",1967,1969,2,Arni Marble | Sculpture,https://ids.si.edu/ids/deliveryService?id=SAAM-1969.158_3